<?xml version="1.0" encoding="UTF-8"?>
<beans:beans xmlns="http://www.springframework.org/schema/security"
	xmlns:beans="http://www.springframework.org/schema/beans" xmlns:xsi="http://www.w3.org/2001/XMLSchema-instance"
	xsi:schemaLocation="http://www.springframework.org/schema/beans
    http://www.springframework.org/schema/beans/spring-beans.xsd
    http://www.springframework.org/schema/security
    http://www.springframework.org/schema/security/spring-security.xsd">

		<http pattern="/resources/**" security="none" />

	<http>
		<intercept-url pattern="/admin/**" access="hasAuthority('Admin')" />
		<intercept-url pattern="/user/**" access="hasAuthority('Customer')" />
		<intercept-url pattern="/supplier/**" access="hasAuthority('Supplier')" />
		<intercept-url pattern="/**" access="permitAll" />
		<form-login 
		login-page="/login" 
		default-target-url="/"
		authentication-failure-url="/login?error" 
		username-parameter = "useremail" 
		password-parameter = "password"/>
		<logout logout-success-url="/login?logout" />
		
		
		<csrf disabled="true" />
	</http>
	<authentication-manager>
		<authentication-provider>
			<jdbc-user-service data-source-ref="dataSource"
				users-by-username-query="SELECT uemail, password, enable FROM user WHERE uemail = ?"
				authorities-by-username-query="SELECT uemail, role FROM user WHERE uemail = ?" /> 	
		</authentication-provider>
	</authentication-manager>

</beans:beans>