<?xml version="1.0" encoding="UTF-8"?>
<flow xmlns="http://www.springframework.org/schema/webflow"
      xmlns:xsi="http://www.w3.org/2001/XMLSchema-instance"
      xsi:schemaLocation="http://www.springframework.org/schema/webflow
                          http://www.springframework.org/schema/webflow/spring-webflow-2.0.xsd">
 
	<!-- Executed when webFlow is triggered -->
	<on-start>
	<!-- registrationHandler is java class available through annotated registrationHandler.java class.here we are calling it’s initFlow() method. -->
	  <evaluate expression="registrationHandler.initFlow()" result="flowScope.user"/>
	</on-start>
 
	 <!-- if not specified the first view state is the starting state -->
	<view-state id="start" view="register" model="flowScope.user">
	   <transition on="submit" to="validate"/>
	</view-state>
 
	<action-state id="validate">
		<evaluate expression="registrationHandler.validateDetails(user,messageContext)"></evaluate>
		<transition on="success" to="confirmDetails" />
		<transition on="failure" to="start" />
	</action-state>
 
	<view-state id="confirmDetails" view="confirmDetails" model="flowScope.user">
		<transition on="edit" to="start" />
		<transition on="submit" to="saveDetails" />
	</view-state>
	
	<action-state id="saveDetails">
		<evaluate expression="registrationHandler.saveUser(user)"></evaluate>
		<transition on="success" to="welcome" />
		<transition on="failure" to="error" />
	</action-state>
	
	<view-state id="error" view="registrationerror" model="flowScope.user">
		<transition on="edit" to="start" />
	</view-state>
 
	<end-state id="welcome" view="welcome" />
	<end-state id="toHome" view="externalRedirect:contextRelative:index.jsp" />
	<end-state id="toException" view="externalRedirect:contextRelative:exception.jsp" />
 
	<!-- these events are available in every state-->
	<global-transitions>
		<transition on="home" to="toHome" />
		<transition on="error" to="toException" />
	</global-transitions>
</flow>